Workbook

Sheet DNA合成订购表
B1: 百力格生物科技（上海）股份有限公司 DNA合成订购表
A4: 订购日期： | F4: 地址：上海市松江区书海路99号23幢
A5: 客户姓名：* | F5: 联系电话：021-67616018, 400-168-8906
A6: 客户单位：* | F6: 网址：www.bioligo.com
A7: 课题组：* | F7: 邮箱：oligo@bioligo.com
A8: 订单类别：* | B8: PCR | F8: 订单要求：
A9: 客户地址：* | F9: 1.此表格仅针对E-mail订单使用，如果工作日19点前2小时未收到回复请及时联系。 2.因为订单是系统自动处理，订单发送前请仔细核对信息, 订单接收2小时后将不能再更改。 3.修饰请用下拉菜单中我们公司的专用代码，如果没有的修饰种类请在备注栏中备注或电话联系我们。 4.特殊碱基和中间修饰填写请参照”填写说明“。 5.交付形式可通过左侧下拉菜单选择，不填写默认为“干粉”；液体交付的订单，收到货后请及时正面朝上存放，防止渗漏。 6.技术支持邮箱：blg-support@bioligo.com。
A10: 客户电话：*
A11: 客户Email：
A12: 交付形式：
A13: 客户ID:
A14: 客户订单号：
A15: 收货人：* | C15: 收货电话：*
A16: 收货地址：* | F16: 兼并碱基代码：A,g＝R；A,C＝M；A,T＝W；C,g=S；C,T＝Y；g,T＝K；A,T,C＝H；g,T,C＝B；g,A,T=D；A,C,g=V；A,C,g,T=N
A17: 发票类型：*
A18: 发票抬头：* | F18: 总OD | G18: =SUMPRODUCT(H20:H10000, I20:I10000) -> 0 | H18: 总nmol | I18: =SUMPRODUCT(H20:H10000, J20:J10000) -> 0
A19: ID* | B19: 客户固定编号 | C19: 引物名称 | D19: 引物序列(5'to3') | E19: 纯化方式 | F19: 5'修饰 | G19: 3'修饰 | H19: 分装管数 | I19: 每管OD值 | J19: 每管nmoles | K19: 标签类型 | L19: 离心管类型 | M19: 溶解浓度（uM) | N19: 检验报告类型 | O19: 备注 | P19: 碱基数 | Q19: 总OD/nmol
P20: =LEN(D20)-SUM((LEN(D20)-LEN(SUBSTITUTE(D20,修饰列表!$B$2:$B$79,修饰列表!$D$2:$D$79)))) -> 0 | Q20: =IF(I20="",H20*J20,H20*I20) -> 0
P21: {=LEN(D21)-SUM((LEN(D21)-LEN(SUBSTITUTE(D21,修饰列表!$B$2:$B$79,修饰列表!$D$2:$D$79))))} -> 0 | Q21: =IF(I21="",H21*J21,H21*I21) -> 0
P22: {=LEN(D4)-SUM((LEN(D4)-LEN(SUBSTITUTE(D4,修饰列表!$B$2:$B$79,修饰列表!$D$2:$D$79))))} -> 0 | Q22: =IF(I22="",H22*J22,H22*I22) -> 0
P23: {=LEN(D23)-SUM((LEN(D23)-LEN(SUBSTITUTE(D23,修饰列表!$B$2:$B$79,修饰列表!$D$2:$D$79))))} -> 0 | Q23: =IF(I23="",H23*J23,H23*I23) -> 0
P24: {=LEN(D24)-SUM((LEN(D24)-LEN(SUBSTITUTE(D24,修饰列表!$B$2:$B$79,修饰列表!$D$2:$D$79))))} -> 0 | Q24: =IF(I24="",H24*J24,H24*I24) -> 0
P25: {=LEN(D25)-SUM((LEN(D25)-LEN(SUBSTITUTE(D25,修饰列表!$B$2:$B$79,修饰列表!$D$2:$D$79))))} -> 0 | Q25: =IF(I25="",H25*J25,H25*I25) -> 0
P26: {=LEN(D26)-SUM((LEN(D26)-LEN(SUBSTITUTE(D26,修饰列表!$B$2:$B$79,修饰列表!$D$2:$D$79))))} -> 0 | Q26: =IF(I26="",H26*J26,H26*I26) -> 0
P27: {=LEN(D27)-SUM((LEN(D27)-LEN(SUBSTITUTE(D27,修饰列表!$B$2:$B$79,修饰列表!$D$2:$D$79))))} -> 0 | Q27: =IF(I27="",H27*J27,H27*I27) -> 0
P28: {=LEN(D28)-SUM((LEN(D28)-LEN(SUBSTITUTE(D28,修饰列表!$B$2:$B$79,修饰列表!$D$2:$D$79))))} -> 0 | Q28: =IF(I28="",H28*J28,H28*I28) -> 0
P29: {=LEN(D29)-SUM((LEN(D29)-LEN(SUBSTITUTE(D29,修饰列表!$B$2:$B$79,修饰列表!$D$2:$D$79))))} -> 0 | Q29: =IF(I29="",H29*J29,H29*I29) -> 0
P30: {=LEN(D30)-SUM((LEN(D30)-LEN(SUBSTITUTE(D30,修饰列表!$B$2:$B$79,修饰列表!$D$2:$D$79))))} -> 0 | Q30: =IF(I30="",H30*J30,H30*I30) -> 0
P31: {=LEN(D31)-SUM((LEN(D31)-LEN(SUBSTITUTE(D31,修饰列表!$B$2:$B$79,修饰列表!$D$2:$D$79))))} -> 0 | Q31: =IF(I31="",H31*J31,H31*I31) -> 0
P32: {=LEN(D32)-SUM((LEN(D32)-LEN(SUBSTITUTE(D32,修饰列表!$B$2:$B$79,修饰列表!$D$2:$D$79))))} -> 0 | Q32: =IF(I32="",H32*J32,H32*I32) -> 0
P33: {=LEN(D33)-SUM((LEN(D33)-LEN(SUBSTITUTE(D33,修饰列表!$B$2:$B$79,修饰列表!$D$2:$D$79))))} -> 0 | Q33: =IF(I33="",H33*J33,H33*I33) -> 0
P34: {=LEN(D34)-SUM((LEN(D34)-LEN(SUBSTITUTE(D34,修饰列表!$B$2:$B$79,修饰列表!$D$2:$D$79))))} -> 0 | Q34: =IF(I34="",H34*J34,H34*I34) -> 0
... P60: {=LEN(D60)-SUM((LEN(D60)-LEN(SUBSTITUTE(D60,修饰列表!$B$2:$B$79,修饰列表!$D$2:$D$79))))} -> 0 | Q60: =IF(I60="",H60*J60,H60*I60) -> 0
P61: =LEN(D61)-SUM((LEN(D61)-LEN(SUBSTITUTE(D61,修饰列表!$B$2:$B$80,修饰列表!$D$2:$D$80)))) -> 0 | Q61: =IF(I61="",H61*J61,H61*I61) -> 0
P62: =LEN(D62)-SUM((LEN(D62)-LEN(SUBSTITUTE(D62,修饰列表!$B$2:$B$80,修饰列表!$D$2:$D$80)))) -> 0 | Q62: =IF(I62="",H62*J62,H62*I62) -> 0
P63: =LEN(D63)-SUM((LEN(D63)-LEN(SUBSTITUTE(D63,修饰列表!$B$2:$B$80,修饰列表!$D$2:$D$80)))) -> 0 | Q63: =IF(I63="",H63*J63,H63*I63) -> 0
P64: =LEN(D64)-SUM((LEN(D64)-LEN(SUBSTITUTE(D64,修饰列表!$B$2:$B$80,修饰列表!$D$2:$D$80)))) -> 0 | Q64: =IF(I64="",H64*J64,H64*I64) -> 0
P65: =LEN(D65)-SUM((LEN(D65)-LEN(SUBSTITUTE(D65,修饰列表!$B$2:$B$80,修饰列表!$D$2:$D$80)))) -> 0 | Q65: =IF(I65="",H65*J65,H65*I65) -> 0
P66: =LEN(D66)-SUM((LEN(D66)-LEN(SUBSTITUTE(D66,修饰列表!$B$2:$B$80,修饰列表!$D$2:$D$80)))) -> 0 | Q66: =IF(I66="",H66*J66,H66*I66) -> 0
P67: =LEN(D67)-SUM((LEN(D67)-LEN(SUBSTITUTE(D67,修饰列表!$B$2:$B$80,修饰列表!$D$2:$D$80)))) -> 0 | Q67: =IF(I67="",H67*J67,H67*I67) -> 0
P68: =LEN(D68)-SUM((LEN(D68)-LEN(SUBSTITUTE(D68,修饰列表!$B$2:$B$80,修饰列表!$D$2:$D$80)))) -> 0 | Q68: =IF(I68="",H68*J68,H68*I68) -> 0
P69: =LEN(D69)-SUM((LEN(D69)-LEN(SUBSTITUTE(D69,修饰列表!$B$2:$B$80,修饰列表!$D$2:$D$80)))) -> 0 | Q69: =IF(I69="",H69*J69,H69*I69) -> 0
P70: =LEN(D70)-SUM((LEN(D70)-LEN(SUBSTITUTE(D70,修饰列表!$B$2:$B$80,修饰列表!$D$2:$D$80)))) -> 0 | Q70: =IF(I70="",H70*J70,H70*I70) -> 0
P71: =LEN(D71)-SUM((LEN(D71)-LEN(SUBSTITUTE(D71,修饰列表!$B$2:$B$80,修饰列表!$D$2:$D$80)))) -> 0 | Q71: =IF(I71="",H71*J71,H71*I71) -> 0
P72: =LEN(D72)-SUM((LEN(D72)-LEN(SUBSTITUTE(D72,修饰列表!$B$2:$B$80,修饰列表!$D$2:$D$80)))) -> 0 | Q72: =IF(I72="",H72*J72,H72*I72) -> 0
... P80: =LEN(D80)-SUM((LEN(D80)-LEN(SUBSTITUTE(D80,修饰列表!$B$2:$B$80,修饰列表!$D$2:$D$80)))) -> 0 | Q80: =IF(I80="",H80*J80,H80*I80) -> 0
P81: {=LEN(D81)-SUM((LEN(D81)-LEN(SUBSTITUTE(D81,修饰列表!$B$2:$B$80,修饰列表!$D$2:$D$80))))} -> 0 | Q81: =IF(I81="",H81*J81,H81*I81) -> 0
P82: {=LEN(D82)-SUM((LEN(D82)-LEN(SUBSTITUTE(D82,修饰列表!$B$2:$B$80,修饰列表!$D$2:$D$80))))} -> 0 | Q82: =IF(I82="",H82*J82,H82*I82) -> 0
P83: {=LEN(D83)-SUM((LEN(D83)-LEN(SUBSTITUTE(D83,修饰列表!$B$2:$B$80,修饰列表!$D$2:$D$80))))} -> 0 | Q83: =IF(I83="",H83*J83,H83*I83) -> 0
P84: {=LEN(D84)-SUM((LEN(D84)-LEN(SUBSTITUTE(D84,修饰列表!$B$2:$B$80,修饰列表!$D$2:$D$80))))} -> 0 | Q84: =IF(I84="",H84*J84,H84*I84) -> 0
P85: {=LEN(D85)-SUM((LEN(D85)-LEN(SUBSTITUTE(D85,修饰列表!$B$2:$B$80,修饰列表!$D$2:$D$80))))} -> 0 | Q85: =IF(I85="",H85*J85,H85*I85) -> 0
P86: {=LEN(D86)-SUM((LEN(D86)-LEN(SUBSTITUTE(D86,修饰列表!$B$2:$B$80,修饰列表!$D$2:$D$80))))} -> 0 | Q86: =IF(I86="",H86*J86,H86*I86) -> 0
P87: {=LEN(D87)-SUM((LEN(D87)-LEN(SUBSTITUTE(D87,修饰列表!$B$2:$B$80,修饰列表!$D$2:$D$80))))} -> 0 | Q87: =IF(I87="",H87*J87,H87*I87) -> 0
P88: {=LEN(D88)-SUM((LEN(D88)-LEN(SUBSTITUTE(D88,修饰列表!$B$2:$B$80,修饰列表!$D$2:$D$80))))} -> 0 | Q88: =IF(I88="",H88*J88,H88*I88) -> 0
P89: {=LEN(D89)-SUM((LEN(D89)-LEN(SUBSTITUTE(D89,修饰列表!$B$2:$B$80,修饰列表!$D$2:$D$80))))} -> 0 | Q89: =IF(I89="",H89*J89,H89*I89) -> 0
P90: {=LEN(D90)-SUM((LEN(D90)-LEN(SUBSTITUTE(D90,修饰列表!$B$2:$B$80,修饰列表!$D$2:$D$80))))} -> 0 | Q90: =IF(I90="",H90*J90,H90*I90) -> 0
P91: {=LEN(D91)-SUM((LEN(D91)-LEN(SUBSTITUTE(D91,修饰列表!$B$2:$B$80,修饰列表!$D$2:$D$80))))} -> 0 | Q91: =IF(I91="",H91*J91,H91*I91) -> 0
P92: {=LEN(D92)-SUM((LEN(D92)-LEN(SUBSTITUTE(D92,修饰列表!$B$2:$B$80,修饰列表!$D$2:$D$80))))} -> 0 | Q92: =IF(I92="",H92*J92,H92*I92) -> 0
... P121: {=LEN(D121)-SUM((LEN(D121)-LEN(SUBSTITUTE(D121,修饰列表!$B$2:$B$80,修饰列表!$D$2:$D$80))))} -> 0 | Q121: =IF(I121="",H121*J121,H121*I121) -> 0
P122: {=LEN(D14)-SUM((LEN(D14)-LEN(SUBSTITUTE(D14,修饰列表!$B$2:$B$80,修饰列表!$D$2:$D$80))))} -> 0 | Q122: =IF(I14="",H14*J14,H14*I14) -> 0
P123: {=LEN(D123)-SUM((LEN(D123)-LEN(SUBSTITUTE(D123,修饰列表!$B$2:$B$80,修饰列表!$D$2:$D$80))))} -> 0 | Q123: =IF(I123="",H123*J123,H123*I123) -> 0
P124: {=LEN(D124)-SUM((LEN(D124)-LEN(SUBSTITUTE(D124,修饰列表!$B$2:$B$80,修饰列表!$D$2:$D$80))))} -> 0 | Q124: =IF(I124="",H124*J124,H124*I124) -> 0
P125: {=LEN(D125)-SUM((LEN(D125)-LEN(SUBSTITUTE(D125,修饰列表!$B$2:$B$80,修饰列表!$D$2:$D$80))))} -> 0 | Q125: =IF(I125="",H125*J125,H125*I125) -> 0
P126: {=LEN(D126)-SUM((LEN(D126)-LEN(SUBSTITUTE(D126,修饰列表!$B$2:$B$80,修饰列表!$D$2:$D$80))))} -> 0 | Q126: =IF(I126="",H126*J126,H126*I126) -> 0
P127: {=LEN(D127)-SUM((LEN(D127)-LEN(SUBSTITUTE(D127,修饰列表!$B$2:$B$80,修饰列表!$D$2:$D$80))))} -> 0 | Q127: =IF(I127="",H127*J127,H127*I127) -> 0
P128: {=LEN(D128)-SUM((LEN(D128)-LEN(SUBSTITUTE(D128,修饰列表!$B$2:$B$80,修饰列表!$D$2:$D$80))))} -> 0 | Q128: =IF(I128="",H128*J128,H128*I128) -> 0
P129: {=LEN(D129)-SUM((LEN(D129)-LEN(SUBSTITUTE(D129,修饰列表!$B$2:$B$80,修饰列表!$D$2:$D$80))))} -> 0 | Q129: =IF(I129="",H129*J129,H129*I129) -> 0
P130: {=LEN(D130)-SUM((LEN(D130)-LEN(SUBSTITUTE(D130,修饰列表!$B$2:$B$80,修饰列表!$D$2:$D$80))))} -> 0 | Q130: =IF(I130="",H130*J130,H130*I130) -> 0
P131: {=LEN(D131)-SUM((LEN(D131)-LEN(SUBSTITUTE(D131,修饰列表!$B$2:$B$80,修饰列表!$D$2:$D$80))))} -> 0 | Q131: =IF(I131="",H131*J131,H131*I131) -> 0
P132: {=LEN(D132)-SUM((LEN(D132)-LEN(SUBSTITUTE(D132,修饰列表!$B$2:$B$80,修饰列表!$D$2:$D$80))))} -> 0 | Q132: =IF(I132="",H132*J132,H132*I132) -> 0
P133: {=LEN(D133)-SUM((LEN(D133)-LEN(SUBSTITUTE(D133,修饰列表!$B$2:$B$80,修饰列表!$D$2:$D$80))))} -> 0 | Q133: =IF(I133="",H133*J133,H133*I133) -> 0
P134: {=LEN(D134)-SUM((LEN(D134)-LEN(SUBSTITUTE(D134,修饰列表!$B$2:$B$80,修饰列表!$D$2:$D$80))))} -> 0 | Q134: =IF(I134="",H134*J134,H134*I134) -> 0
... P219: {=LEN(D219)-SUM((LEN(D219)-LEN(SUBSTITUTE(D219,修饰列表!$B$2:$B$80,修饰列表!$D$2:$D$80))))} -> 0 | Q219: =IF(I219="",H219*J219,H219*I219) -> 0
P220: {=LEN(D40)-SUM((LEN(D40)-LEN(SUBSTITUTE(D40,修饰列表!$B$2:$B$80,修饰列表!$D$2:$D$80))))} -> 0 | Q220: =IF(I40="",H40*J40,H40*I40) -> 0
P221: {=LEN(D41)-SUM((LEN(D41)-LEN(SUBSTITUTE(D41,修饰列表!$B$2:$B$80,修饰列表!$D$2:$D$80))))} -> 0 | Q221: =IF(I41="",H41*J41,H41*I41) -> 0
P222: {=LEN(D42)-SUM((LEN(D42)-LEN(SUBSTITUTE(D42,修饰列表!$B$2:$B$80,修饰列表!$D$2:$D$80))))} -> 0 | Q222: =IF(I42="",H42*J42,H42*I42) -> 0
P223: {=LEN(D43)-SUM((LEN(D43)-LEN(SUBSTITUTE(D43,修饰列表!$B$2:$B$80,修饰列表!$D$2:$D$80))))} -> 0 | Q223: =IF(I43="",H43*J43,H43*I43) -> 0
P224: {=LEN(D44)-SUM((LEN(D44)-LEN(SUBSTITUTE(D44,修饰列表!$B$2:$B$80,修饰列表!$D$2:$D$80))))} -> 0 | Q224: =IF(I44="",H44*J44,H44*I44) -> 0
P225: {=LEN(D45)-SUM((LEN(D45)-LEN(SUBSTITUTE(D45,修饰列表!$B$2:$B$80,修饰列表!$D$2:$D$80))))} -> 0 | Q225: =IF(I45="",H45*J45,H45*I45) -> 0
P226: {=LEN(D46)-SUM((LEN(D46)-LEN(SUBSTITUTE(D46,修饰列表!$B$2:$B$80,修饰列表!$D$2:$D$80))))} -> 0 | Q226: =IF(I46="",H46*J46,H46*I46) -> 0
P227: {=LEN(D47)-SUM((LEN(D47)-LEN(SUBSTITUTE(D47,修饰列表!$B$2:$B$80,修饰列表!$D$2:$D$80))))} -> 0 | Q227: =IF(I47="",H47*J47,H47*I47) -> 0
P228: {=LEN(D48)-SUM((LEN(D48)-LEN(SUBSTITUTE(D48,修饰列表!$B$2:$B$80,修饰列表!$D$2:$D$80))))} -> 0 | Q228: =IF(I48="",H48*J48,H48*I48) -> 0
P229: {=LEN(D49)-SUM((LEN(D49)-LEN(SUBSTITUTE(D49,修饰列表!$B$2:$B$80,修饰列表!$D$2:$D$80))))} -> 0 | Q229: =IF(I49="",H49*J49,H49*I49) -> 0
P230: {=LEN(D230)-SUM((LEN(D230)-LEN(SUBSTITUTE(D230,修饰列表!$B$2:$B$80,修饰列表!$D$2:$D$80))))} -> 0 | Q230: =IF(I230="",H230*J230,H230*I230) -> 0
P231: {=LEN(D231)-SUM((LEN(D231)-LEN(SUBSTITUTE(D231,修饰列表!$B$2:$B$80,修饰列表!$D$2:$D$80))))} -> 0 | Q231: =IF(I231="",H231*J231,H231*I231) -> 0
P232: {=LEN(D232)-SUM((LEN(D232)-LEN(SUBSTITUTE(D232,修饰列表!$B$2:$B$80,修饰列表!$D$2:$D$80))))} -> 0 | Q232: =IF(I232="",H232*J232,H232*I232) -> 0
P233: {=LEN(D233)-SUM((LEN(D233)-LEN(SUBSTITUTE(D233,修饰列表!$B$2:$B$80,修饰列表!$D$2:$D$80))))} -> 0 | Q233: =IF(I233="",H233*J233,H233*I233) -> 0
P234: {=LEN(D234)-SUM((LEN(D234)-LEN(SUBSTITUTE(D234,修饰列表!$B$2:$B$80,修饰列表!$D$2:$D$80))))} -> 0 | Q234: =IF(I234="",H234*J234,H234*I234) -> 0
P235: {=LEN(D235)-SUM((LEN(D235)-LEN(SUBSTITUTE(D235,修饰列表!$B$2:$B$80,修饰列表!$D$2:$D$80))))} -> 0 | Q235: =IF(I235="",H235*J235,H235*I235) -> 0
P236: {=LEN(D236)-SUM((LEN(D236)-LEN(SUBSTITUTE(D236,修饰列表!$B$2:$B$80,修饰列表!$D$2:$D$80))))} -> 0 | Q236: =IF(I236="",H236*J236,H236*I236) -> 0
P237: {=LEN(D237)-SUM((LEN(D237)-LEN(SUBSTITUTE(D237,修饰列表!$B$2:$B$80,修饰列表!$D$2:$D$80))))} -> 0 | Q237: =IF(I237="",H237*J237,H237*I237) -> 0
P238: {=LEN(D238)-SUM((LEN(D238)-LEN(SUBSTITUTE(D238,修饰列表!$B$2:$B$80,修饰列表!$D$2:$D$80))))} -> 0 | Q238: =IF(I238="",H238*J238,H238*I238) -> 0
P239: {=LEN(D239)-SUM((LEN(D239)-LEN(SUBSTITUTE(D239,修饰列表!$B$2:$B$80,修饰列表!$D$2:$D$80))))} -> 0 | Q239: =IF(I239="",H239*J239,H239*I239) -> 0
P240: {=LEN(D240)-SUM((LEN(D240)-LEN(SUBSTITUTE(D240,修饰列表!$B$2:$B$80,修饰列表!$D$2:$D$80))))} -> 0 | Q240: =IF(I240="",H240*J240,H240*I240) -> 0
P241: {=LEN(D241)-SUM((LEN(D241)-LEN(SUBSTITUTE(D241,修饰列表!$B$2:$B$80,修饰列表!$D$2:$D$80))))} -> 0 | Q241: =IF(I241="",H241*J241,H241*I241) -> 0
... P321: {=LEN(D321)-SUM((LEN(D321)-LEN(SUBSTITUTE(D321,修饰列表!$B$2:$B$80,修饰列表!$D$2:$D$80))))} -> 0 | Q321: =IF(I321="",H321*J321,H321*I321) -> 0
P322: {=LEN(D34)-SUM((LEN(D34)-LEN(SUBSTITUTE(D34,修饰列表!$B$2:$B$80,修饰列表!$D$2:$D$80))))} -> 0 | Q322: =IF(I34="",H34*J34,H34*I34) -> 0
P323: {=LEN(D323)-SUM((LEN(D323)-LEN(SUBSTITUTE(D323,修饰列表!$B$2:$B$80,修饰列表!$D$2:$D$80))))} -> 0 | Q323: =IF(I323="",H323*J323,H323*I323) -> 0
P324: {=LEN(D324)-SUM((LEN(D324)-LEN(SUBSTITUTE(D324,修饰列表!$B$2:$B$80,修饰列表!$D$2:$D$80))))} -> 0 | Q324: =IF(I324="",H324*J324,H324*I324) -> 0
P325: {=LEN(D325)-SUM((LEN(D325)-LEN(SUBSTITUTE(D325,修饰列表!$B$2:$B$80,修饰列表!$D$2:$D$80))))} -> 0 | Q325: =IF(I325="",H325*J325,H325*I325) -> 0
...

Sheet 修饰列表
B1: DNA修饰 | I1: RNA修饰
A2: 中间修饰 | B2: 代码 | C2: 修饰碱基 | D2: 碱基数 | E2: 常用兼并碱基代码 | H2: 中间修饰 | I2: 代码 | J2: 碱基数 | K2: 常用兼并碱基代码
A3: 2`-O-Methyl A | B3: /i2OMeA/ | C3: A | D3: =LEN(C3) -> 1 | E3: M:(A/C) | F3: V:(A/C/G) | H3: dA | I3: dA | J3: 1 | K3: M:(A/C) | L3: V:(A/C/G)
A4: 2`-O-Methyl B | B4: /i2OMeB/ | C4: B | D4: =LEN(C4) -> 1 | E4: R:(A/G) | F4: H:(A/C/T) | H4: dG | I4: dG | J4: 1 | K4: R:(A/G) | L4: H:(A/C/U)
A5: 2`-O-Methyl C | B5: /i2OMeC/ | C5: C | D5: =LEN(C5) -> 1 | E5: W:(A/T) | F5: D:(A/G/T) | H5: dC | I5: dC | J5: 1 | K5: W:(A/U) | L5: D:(A/G/U)
A6: 2`-O-Methyl D | B6: /i2OMeD/ | C6: D | D6: =LEN(C6) -> 1 | E6: S:(C/G) | F6: B:(C/G/T) | H6: dT | I6: dT | J6: 1 | K6: S:(C/G) | L6: B:(C/G/U)
A7: 2`-O-Methyl G | B7: /i2OMeG/ | C7: G | D7: =LEN(C7) -> 1 | E7: Y:(C/T) | F7: N:(A/G/C/T) | H7: LNA-A | I7: +A | J7: 1 | K7: Y:(C/U) | L7: N:(A/G/C/U)
A8: 2`-O-Methyl H | B8: /i2OMeH/ | C8: H | D8: =LEN(C8) -> 1 | E8: K:(G/T) | H8: LNA-C | I8: +C | J8: 1 | K8: K:(G/U)
A9: 2`-O-Methyl K | B9: /i2OMeK/ | C9: K | D9: =LEN(C9) -> 1 | H9: LNA-G | I9: +G | J9: 1
A10: 2`-O-Methyl M | B10: /i2OMeM/ | C10: M | D10: =LEN(C10) -> 1 | H10: LNA-U | I10: +T | J10: 1
A11: 2`-O-Methyl N | B11: /i2OMeN/ | C11: N | D11: =LEN(C11) -> 1
A12: 2`-O-Methyl R | B12: /i2OMeR/ | C12: R | D12: =LEN(C12) -> 1
A13: 2`-O-Methyl S | B13: /i2OMeS/ | C13: S | D13: =LEN(C13) -> 1
A14: 2`-O-Methyl U | B14: /i2OMeU/ | C14: U | D14: =LEN(C14) -> 1
A15: 2`-O-Methyl V | B15: /i2OMeV/ | C15: V | D15: =LEN(C15) -> 1
A16: 2`-O-Methyl W | B16: /i2OMeW/ | C16: W | D16: =LEN(C16) -> 1
A17: 2`-O-Methyl Y | B17: /i2OMeY/ | C17: Y | D17: =LEN(C17) -> 1
A18: 2F-RNA A | B18: /i2FA/ | C18: A | D18: =LEN(C18) -> 1
A19: 2F-RNA C | B19: /i2FC/ | C19: C | D19: =LEN(C19) -> 1
A20: 2F-RNA G | B20: /i2FG/ | C20: G | D20: =LEN(C20) -> 1
A21: 2F-RNA U | B21: /i2FU/ | C21: U | D21: =LEN(C21) -> 1
A22: 5-Hydroxmethyl dC | B22: /i5HydMe-dC/ | C22: C | D22: =LEN(C22) -> 1
A23: 5-Methyl dC | B23: /i5MedC/ | C23: C | D23: =LEN(C23) -> 1
A24: Int dSpacer | B24: /idSp/ | D24: =LEN(C24) -> 0
A25: Int 6-FAM dT | B25: /i6FAMdT/ | C25: T | D25: =LEN(C25) -> 1
A26: Int AF488 dT | B26: /iAF488dT/ | C26: T | D26: =LEN(C26) -> 1
A27: Int Amino Modifier C6 dT | B27: /iAmMC6T/ | C27: T | D27: =LEN(C27) -> 1
A28: Int BHQ1 dT | B28: /iBHQ1dT/ | C28: T | D28: =LEN(C28) -> 1
A29: Int BHQ2 dT | B29: /iBHQ2dT/ | C29: T | D29: =LEN(C29) -> 1
A30: Int Biotin dT | B30: /iBiodT/ | C30: T | D30: =LEN(C30) -> 1
A31: Int CHCH dT | B31: /iCHCHdT/ | C31: T | D31: =LEN(C31) -> 1
A32: Int Cy3 dT | B32: /iCy3dT/ | C32: T | D32: =LEN(C32) -> 1
A33: Int Cy5 dT | B33: /iCy5dT/ | C33: T | D33: =LEN(C33) -> 1
A34: Int Dabcyl dT | B34: /iDABdT/ | C34: T | D34: =LEN(C34) -> 1
A35: Int Dig dT | B35: /iDigdT/ | C35: T | D35: =LEN(C35) -> 1
A36: Int Ferrocene | B36: /iMFEdT/ | C36: T | D36: =LEN(C36) -> 1
... A43: Int Texas Red dT | B43: /iTexRddT/ | C43: T | D43: =LEN(C43) -> 1
A44: Phosphorothioate | B44: *
A45: Spacer 18 | B45: /iSp18/
A46: Spacer 9 | B46: /iSp9/
A47: Spacer C12 | B47: /iSpC12/
A48: Spacer C3 | B48: /iSpC3/
A49: Spacer C6 | B49: /iSp6/
A50: deoxyInosine (dI) | B50: I | C50: I | D50: =LEN(C50) -> 1
A51: deoxyUridine (dU) | B51: U | C51: U | D51: =LEN(C51) -> 1
A52: LNA-A | B52: +A | C52: A | D52: =LEN(C52) -> 1
A53: LNA-C | B53: +C | C53: C | D53: =LEN(C53) -> 1
A54: LNA-G | B54: +G | C54: G | D54: =LEN(C54) -> 1
A55: LNA-T | B55: +T | C55: T | D55: =LEN(C55) -> 1
A56: RNA-A | B56: rA | C56: A | D56: =LEN(C56) -> 1
A57: RNA-C | B57: rC | C57: C | D57: =LEN(C57) -> 1
A58: RNA-G | B58: rG | C58: G | D58: =LEN(C58) -> 1
A59: RNA-U | B59: rU | C59: U | D59: =LEN(C59) -> 1
A60: 8-OXO-dG | B60: /8OXOdG/ | C60: G | D60: 1
A61: Int VIC dT | B61: /iVICdT/ | C61: T | D61: 1
A62: N6-Me-dA | B62: /N6MedA/ | C62: A | D62: 1

Sheet 可合成修饰种类
A1: 两端修饰 | C1: 中间修饰 | D1: 代码 | E1: 修饰碱基 | G1: 5'修饰 | H1: 代码 | J1: 3'修饰 | K1: 代码 | M1: 特殊碱基 | N1: 代码
A2: 5'6-FAM,3'BHQ1, | C2: int-2F RNA-A | D2: /i2FrA/ | E2: A | G2: 5' Methylene Blue | H2: /5MBlue/ | J2: 3' Methylene Blue | K2: /3MBlue/ | M2: deoxyInosine (dI) | N2: I
A3: 5'6-FAM,3'DABCYL, | C3: int-2F RNA-C | D3: /i2FrC/ | E3: C | G3: 5'6-FAM | H3: /56-FAM/ | J3: 3'6-FAM | K3: /36-FAM/ | M3: deoxyUridine (dU) | N3: U
A4: 5'6-FAM,3'Eclipse, | C4: int-2F RNA-U | D4: /i2FrU/ | E4: U | G4: 5'Acridinium | H4: /5Acridinium/ | J4: 3'AF488 | K4: /3AF488/ | M4: LNA-A | N4: +A
A5: 5'6-FAM,3'MGB, | C5: int-2F-RNA-G | D5: /i2FrG/ | E5: G | G5: 5'Acrydite | H5: /5Acrydite/ | J5: 3'AF546 | K5: /3AF546/ | M5: LNA-C | N5: +C
A6: 5'6-FAM,3'Super Quencher 1, | C6: int-2'methoxy A | D6: /i2OMeA/ | E6: A | G6: 5'AF350 | H6: /5AF350/ | J6: 3'AF568 | K6: /3AF568/ | M6: LNA-G | N6: +G
A7: 5'6-FAM,3'TAMRA, | C7: int-2'methoxy C | D7: /i2OMeC/ | E7: C | G7: 5'AF430 | H7: /5AF430/ | J7: 3'AF594 | K7: /3AF594/ | M7: LNA-T | N7: +T
A8: 5'AF350,3'BHQ0, | C8: int-2'methoxy G | D8: /i2OMeG/ | E8: G | G8: 5'AF488 | H8: /5AF488/ | J8: 3'AF647 | K8: /3AF647/ | M8: RNA-A | N8: rA
A9: 5'AF350,3'MGB, | C9: int-2'methoxy R | D9: /i2OMeR/ | E9: R | G9: 5'AF532 | H9: /5AF532/ | J9: 3'AF750 | K9: /3AF750/ | M9: RNA-C | N9: rC
A10: 5'AF430,3'BHQ1, | C10: int-2'methoxy U | D10: /i2OMeU/ | E10: U | G10: 5'AF546 | H10: /5AF546/ | J10: 3'Alkyne | K10: /3Alkyne/ | M10: RNA-G | N10: rG
A11: 5'AF647,3'BHQ3, | C11: int-5-Me-iso-dC | D11: /i5MeidC/ | E11: C | G11: 5'AF555 | H11: /5AF555/ | J11: 3'AMCA | K11: /3AMCA/ | M11: RNA-U | N11: rU
A12: 5'AF750,3'BHQ3, | C12: int-5-Methyl dC | D12: /i5MedC/ | E12: C | G12: 5'AF568 | H12: /5AF568/ | J12: 3'Amino Modifier C6 | K12: /3AmMC6/ | M12: DNA-A | N12: dA
... A19: 5'AMCA,3'Super Quencher 1, | C19: int-AF555 dT | D19: /iAF555dT/ | E19: T | G19: 5'Amino Modifier C12 | H19: /5AmMC12/ | J19: 3'BBQ650 | K19: /3BBQ650/ | M19: int-GNA-dT | N19: /iGNAdT/
A20: 5'ATTO 594,3'BHQ2, | C20: int-Alkyne | D20: /iAlkyne/ | G20: 5'Amino Modifier C6 | H20: /5AmMC6/ | J20: 3'BECU_BF650 | K20: /3BF650/ | M20: int-GNA-rU | N20: /iGNArU/
A21: 5'ATTO 647N,3'BHQ2, | C21: int-Amino Modifier C12 | D21: /iAmMC12/ | G21: 5'AS | H21: /5AS/ | J21: 3'BHQ0 | K21: /3BHQ0/ | M21: int-LDNA-A | N21: /iLDNA-A/
A22: 5'ATTO 647N,3'MGB, | C22: int-Amino Modifier C6 dA | D22: /iAmMC6dA/ | E22: A | G22: 5'ATTO 647N | H22: /5ATTO647N/ | J22: 3'BHQ1 | K22: /3BHQ1/ | M22: int-LDNA-C | N22: /iLDNA-C/
A23: 5'ATTO425,3'BHQ0, | C23: int-Amino Modifier C6 dC | D23: /iAmMC6dC/ | E23: C | G23: 5'ATTO390 | H23: /5ATTO390/ | J23: 3'BHQ2 | K23: /3BHQ2/ | M23: int-LDNA-G | N23: /iLDNA-G/
A24: 5'ATTO425,3'BHQ1, | C24: int-Amino Modifier C6 dT | D24: /iAmMC6dT/ | E24: T | G24: 5'ATTO425 | H24: /5ATTO425/ | J24: 3'BHQ3 | K24: /3BHQ3/ | M24: int-LDNA-T | N24: /iLDNA-T/
A25: 5'ATTO425,3'MGB, | C25: int-ATTO425 dT | D25: /i425dT/ | E25: T | G25: 5'ATTO488 | H25: /5ATTO488/ | J25: 3'Biotin | K25: /3BIO/
A26: 5'ATTO425,3'Super Quencher 1, | C26: int-ATTO488 dT | D26: /iATTO488dT/ | E26: T | G26: 5'ATTO495 | H26: /5ATTO495/ | J26: 3'C6-AF546 | K26: /3C6-AF546/
A27: 5'ATTO550,3'BHQ2, | C27: int-ATTO647 dT | D27: /iATTO647dT/ | E27: T | G27: 5'ATTO532 | H27: /5ATTO532/ | J27: 3'C6-DBCO | K27: /3C6-DBCO/
A28: 5'ATTO550,3'Super Quencher-X, | C28: int-Azide dT | D28: /iAzidedT/ | E28: T | G28: 5'ATTO550 | H28: /5ATTO550/ | J28: 3'CHCH | K28: /3CHCH/
A29: 5'BECU_BF650,3'BHQ2, | C29: int-BF535 | D29: /iBF535/ | G29: 5'ATTO565 | H29: /5ATTO565/ | J29: 3'Cholesteryl | K29: /3Chol/
A30: 5'BECU_BF650,3'DABCYL, | C30: int-BF650 dA | D30: /iBF650dA/ | E30: A | G30: 5'ATTO594 | H30: /5ATTO594/ | J30: 3'Cholesteryl-TEG | K30: /3Chol-TEG/
A31: 5'BECU_BF650,3'MGB, | C31: int-BF650 dT | D31: /iBF650dT/ | E31: T | G31: 5'ATTO633 | H31: /5ATTO633/ | J31: 3'CY3 | K31: /3CY3/
A32: 5'BECU_BF650,3'RQP, | C32: int-BHQ1 dT | D32: /iBHQ1dT/ | E32: T | G32: 5'ATTO680 | H32: /5ATTO680/ | J32: 3'CY5 | K32: /3CY5/
A33: 5'BECU_BF650,3'Super Quencher 2, | C33: int-BHQ2 dT | D33: /iBHQ2dT/ | E33: T | G33: 5'Azide | H33: /5Azide/ | J33: 3'CY5.5 | K33: /3CY5.5/
A34: 5'BF490,3'RQ, | C34: int-BIO dT | D34: /iBIOdT/ | E34: T | G34: 5'BECU_BF620 | H34: /5BF620/ | J34: 3'CY7 | K34: /3CY7/
A35: 5'BF490,3'RQA, | C35: int-CY3 dT | D35: /iCY3dT/ | E35: T | G35: 5'BECU_BF650 | H35: /5BF650/ | J35: 3'DABCYL | K35: /3DAB/
A36: 5'BF490,3'RQP, | C36: int-CY5 | D36: /iCY5/ | G36: 5'BECU_BF680 | H36: /5BF680/ | J36: 3'DBCO | K36: /3DBCO/
A37: 5'BF490,3'RQP-MGB, | C37: int-CY5 dT | D37: /iCY5dT/ | E37: T | G37: 5'BF435 | H37: /5BF435/ | J37: 3'ddA | K37: /3ddA/
A38: 5'BF492,3'RQ, | C38: int-CY5.5 dT | D38: /iCY5.5dT/ | E38: T | G38: 5'BF490 | H38: /5BF490/ | J38: 3'ddC | K38: /3ddC/
A39: 5'BF492,3'RQP, | C39: int-Dabcyl dT | D39: /iDABdT/ | E39: T | G39: 5'BF492 | H39: /5BF492/ | J39: 3'ddG | K39: /3ddG/
A40: 5'BF494,3'RQ, | C40: int-DBCO dT | D40: /iDBCOdT/ | E40: T | G40: 5'BF493 | H40: /5BF493/ | J40: 3'ddT | K40: /3ddT/
A41: 5'BF494,3'RQP, | C41: int-DIG dT | D41: /iDIGdT/ | E41: T | G41: 5'BF494 | H41: /5BF494/ | J41: 3'Digoxigenin | K41: /3DIG/
A42: 5'BF533,3'RQ, | C42: int-Dihydroxy | D42: /iDHO/ | G42: 5'BF495 | H42: /5BF495/ | J42: 3'dT | K42: /3dT/
A43: 5'BF533,3'RQA, | C43: int-DMT-BHQ1 | D43: /iBHQ1/ | G43: 5'BF500 | H43: /5BF500/ | J43: 3'Eclipse | K43: /3ECL/
A44: 5'BF533,3'RQP, | C44: int-DMT-BHQ2 | D44: /iBHQ2/ | G44: 5'BF533 | H44: /5BF533/ | J44: 3'Ferrocene | K44: /3MFE/
A45: 5'BF533,3'RQP-MGB, | C45: int-dSpacer | D45: /idsp/ | G45: 5'BF535 | H45: /5BF535/ | J45: 3'FITC | K45: /3FITC/
A46: 5'BF552,3'RQ, | C46: int-Eclipse | D46: /iEclipse/ | G46: 5'BF552 | H46: /5BF552/ | J46: 3'GalNAc | K46: /3GalNAc/
A47: 5'BF552,3'RQP, | C47: int-FAM | D47: /i6FAM/ | G47: 5'BF582 | H47: /5BF582/ | J47: 3'HEX | K47: /3HEX/
A48: 5'BF582,3'RQ, | C48: int-Ferrocene dT | D48: /iMFEdT/ | E48: T | G48: 5'BF590 | H48: /5BF590/ | J48: 3'inverted dG | K48: /3invdG/
A49: 5'BF582,3'RQP, | C49: int-FITC dT | D49: /iFITCdT/ | E49: T | G49: 5'BF595 | H49: /5BF595/ | J49: 3'Inverted dT | K49: /3InvdT/
A50: 5'BF590,3'RQ, | C50: int-FTL | D50: /iFTL/ | G50: 5'BF615 | H50: /5BF615/ | J50: 3'IQ4 | K50: /3IQ4/
A51: 5'BF590,3'RQA, | C51: int-HEX dC | D51: /iHEXdC/ | E51: C | G51: 5'BF647 | H51: /5BF647/ | J51: 3'iso-dG | K51: /3isodG/
A52: 5'BF590,3'RQP, | C52: int-HEX dT | D52: /iHEXdT/ | E52: T | G52: 5'BF648 | H52: /5BF648/ | J52: 3'JOE | K52: /3JOE/
A53: 5'BF590,3'RQP-MGB, | C53: int-HMC | D53: /iHMC/ | G53: 5'BF652 | H53: /5BF652/ | J53: 3'MBP3 | K53: /3MBP3/
A54: 5'BF595,3'BHQ2, | C54: int-inverted-dG | D54: /iinvdG/ | E54: G | G54: 5'BF672 | H54: /5BF672/ | J54: 3'MGB | K54: /3MGB/
A55: 5'BF595,3'Super Quencher-X, | C55: int-inverted-dT | D55: /iinvdT/ | E55: T | G55: 5'BF688 | H55: /5BF688/ | J55: 3'MGB0 | K55: /3MGB0/
A56: 5'BF648,3'RQ, | C56: int-iso-dG | D56: /iisodG/ | E56: G | G56: 5'BHQ1 | H56: /5BHQ1/ | J56: 3'MGBN | K56: /3MGBN/
A57: 5'BF648,3'RQA, | C57: int-JOE dT | D57: /iJOEdT/ | E57: T | G57: 5'BHQ2 | H57: /5BHQ2/ | J57: 3'Phosphate | K57: /3PHO/
A58: 5'BF648,3'RQP, | C58: int-MIA2 | D58: /iMIA2/ | G58: 5'BHQ3 | H58: /5BHQ3/ | J58: 3'Quasar 670 | K58: /3Q670/
A59: 5'BF648,3'RQP-MGB, | C59: int-MOE-A | D59: /i2OMOEA/ | E59: A | G59: 5'BIO-TEG | H59: /5BIO-TEG/ | J59: 3'Quasar 705 | K59: /3Q705/
A60: 5'BF652,3'RQ, | C60: int-MOE-C | D60: /i2OMOEC/ | E60: C | G60: 5'Biotin | H60: /5BIO/ | J60: 3'rApp | K60: /3rApp/
A61: 5'BF652,3'RQP, | C61: int-MOE-G | D61: /i2OMOEG/ | E61: G | G61: 5'CAL Fluor Red 635 | H61: /5CAL Fluor Red 635/ | J61: 3'ROX | K61: /3ROX/
A62: 5'BF672,3'RQ, | C62: int-MOE-U | D62: /i2OMOEU/ | E62: U | G62: 5'CF405L | H62: /5CF405L/ | J62: 3'RQ | K62: /3RQ/
A63: 5'BF672,3'RQP, | C63: int-N1-Me-rA | D63: /iN1MerA/ | E63: A | G63: 5'CFO | H63: /5CFO/ | J63: 3'RQA | K63: /3RQA/
A64: 5'BF680,3'Super Quencher3, | C64: int-N6-Me-dA | D64: /iN6MedA/ | E64: A | G64: 5'CFR | H64: /5CFR/ | J64: 3'RQP | K64: /3RQP/
A65: 5'BF688,3'BHQ3, | C65: int-NPOM dT | D65: /iNPOMdT/ | E65: T | G65: 5'CHCH | H65: /5CHCH/ | J65: 3'RQP-MGB | K65: /3RQP-MGB/
A66: 5'BHQ1,3'6-FAM, | C66: int-O-C6-NHTFA | D66: /iOC6/ | G66: 5'CHO | H66: /5CHO/ | J66: 3'Spacer 18 | K66: /3SP18/
A67: 5'BHQ2,3'CY5, | C67: int-OG488 dT | D67: /iOG488dT/ | E67: =VLOOKUP(C67,[1]com_modificationBasisList!$D:$F,3,FALSE) -> T | G67: 5'Cholesteryl | H67: /5Chol/ | J67: 3'spacer C3 | K67: /3SC3/
A68: 5'BHQ2,3'Phosphate, | C68: int-PC Linker | D68: /iPCLink/ | E68: =VLOOKUP(C68,[1]com_modificationBasisList!$D:$F,3,FALSE) | G68: 5'COOH | H68: /5COOH/ | J68: 3'Spacer C6 | K68: /3SC6/
A69: 5'CF405L,3'BHQ1, | C69: int-PGO | D69: /iPGO/ | G69: 5'CY3 | H69: /5CY3/ | J69: 3'Super Quencher 0 | K69: /3SQ0/
A70: 5'CY3,3'BHQ2, | C70: int-Quasar670 dT | D70: /iQuasar670dT/ | E70: T | G70: 5'CY5 | H70: /5CY5/ | J70: 3'Super Quencher 1 | K70: /3SQ1/
A71: 5'CY3,3'DABCYL, | C71: int-ROX | D71: /iROX/ | E71: =VLOOKUP(C71,[1]com_modificationBasisList!$D:$F,3,FALSE) | G71: 5'CY-5 | H71: /5CY-5/ | J71: 3'Super Quencher 2 | K71: /3SQ2/
A72: 5'CY3,3'Eclipse, | C72: int-ROX dT | D72: /iROXdT/ | E72: T | G72: 5'CY5.5 | H72: /5CY5.5/ | J72: 3'Super Quencher 3 | K72: /3SQ3/
A73: 5'CY3,3'MGB, | C73: int-Spacer 18 | D73: /iSp18/ | G73: 5'CY7 | H73: /5CY7/ | J73: 3'Super Quencher-X | K73: /3SQ-X/
A74: 5'CY3,3'Super Quencher-X, | C74: int-Spacer 9 | D74: /iSp9/ | G74: 5'DABCYL | H74: /5DAB/ | J74: 3'TAMRA | K74: /3TAM/
A75: 5'CY3,3'TAMRA, | C75: int-Spacer C12 | D75: /iSC12/ | G75: 5'DBCO | H75: /5DBCO/ | J75: 3'TET | K75: /3TET/
A76: 5'CY5,3'BBQ650, | C76: int-spacer C3 | D76: /iSC3/ | G76: 5'DBCO-TEG | H76: /5DBCO-TEG/ | J76: 3'Texas Red-X | K76: /3TexRd-X/
A77: 5'CY5,3'BHQ2, | C77: int-Spacer C6 | D77: /iSC6/ | G77: 5'ddC | H77: /5ddC/ | J77: 3'Thiol C6 | K77: /3THL/
A78: 5'CY5,3'BHQ3, | C78: int-TAMRA dT | D78: /iTAMdT/ | E78: T | G78: 5'DIG | H78: /5DIG/ | J78: 3'Thiol Modifier C6-S-S | K78: /3THS/
A79: 5'CY5,3'DABCYL, | C79: int-Texas Red-X dT | D79: /iTexRddT/ | E79: T | G79: 5'Dual Biotin | H79: /5dBIO/ | J79: 3'TPA | K79: /3TPA/
A80: 5'CY5,3'MGB, | C80: int-Thiol Modifier C6-S-S | D80: /iTHS/ | G80: 5'dual FAM | H80: /5dFAM/ | J80: 3'TPE | K80: /3TPE/
A81: 5'CY5,3'Super Quencher 2, | C81: int-UNA-A | D81: /iUNAA/ | E81: A | G81: 5'Ferrocene | H81: /5Ferrocene/ | J81: 3'Triple SH | K81: /3Triple SH/
A82: 5'CY5.5,3'BHQ2, | C82: int-UNA-C | D82: /iUNAC/ | E82: C | G82: 5'FITC | H82: /5FITC/ | J82: 3'VIC | K82: /3VIC/
A83: 5'CY5.5,3'BHQ3, | C83: int-UNA-G | D83: /iUNAG/ | E83: G | G83: 5'HEX | H83: /5HEX/
A84: 5'CY5.5,3'MGB, | C84: int-UNA-U | D84: /iUNAU/ | E84: U | G84: 5'HEX-FAM | H84: /5HEXFAM/
A85: 5'CY5.5,3'Super Quencher 3, | C85: int-VIC | D85: /iVIC/ | E85: =VLOOKUP(C85,[1]com_modificationBasisList!$D:$F,3,FALSE) | G85: 5'Inverted dT | H85: /5InvdT/
A86: 5'CY7,3'BHQ3, | C86: int-VIC dT | D86: /iVICdT/ | E86: T | G86: 5'JOE | H86: /5JOE/
A87: 5'CY7,3'Super Quencher 3, | C87: Phosphorothioate | D87: * | G87: 5'MGB | H87: /5MGB/
A88: 5'dual FAM,3'BHQ1, | G88: 5'NED | H88: /5NED/
A89: 5'HEX,3'BHQ1, | G89: 5'Phosphate | H89: /5PHO/
A90: 5'HEX,3'DABCYL, | G90: 5'Quasar 670 | H90: /5Q670/
A91: 5'HEX,3'Eclipse, | G91: 5'Quasar 705 | H91: /5Q705/
A92: 5'HEX,3'MGB, | G92: 5'rApp | H92: /5rApp/
A93: 5'HEX,3'Super Quencher 1, | G93: 5'ROX | H93: /5ROX/
A94: 5'HEX,3'TAMRA, | G94: 5'SPacer 18 | H94: /5SP18/
A95: 5'HEX-FAM,3'Super Quencher 1, | G95: 5'spacer C3 | H95: /5SC3/
A96: 5'JOE,3'BHQ1, | G96: 5'Sulfo-CY3 | H96: /5Sulfo-CY3/
A97: 5'JOE,3'DABCYL, | G97: 5'TAMRA | H97: /5TAM/
A98: 5'JOE,3'Eclipse, | G98: 5'TET | H98: /5TET/
A99: 5'JOE,3'MGB, | G99: 5'Texas Red-X | H99: /5TexRd-X/
... A105: 5'NED,3'TAMRA, | G105: 5'VIC | H105: /5VIC/
A106: 5'Quasar 670,3'BHQ2,
A107: 5'Quasar 670,3'BHQ3,
A108: 5'Quasar 670,3'MGB,
A109: 5'Quasar 705,3'BHQ3,
A110: 5'Quasar 705,3'MGB,
A111: 5'Quasar 705,3'Super Quencher 3,
...

Sheet 填写说明
A1: 质检代码说明 | Q1: 溶剂 | R1: 浓度 | S1: 液体交付
A2: 检测报告类型 | B2: 代码说明 | Q2: 1 x TE | R2: 10uM | S2: =$Q$2&R2 -> 1 x TE 10uM
B3: 不提供质检报告 | Q3: 1 x LOW TE | R3: 20uM | S3: =$Q$2&R3 -> 1 x TE 20uM
A4: HPTP | B4: HPLC报告 | Q4: dd H20 | R4: 50uM | S4: =$Q$2&R4 -> 1 x TE 50uM
A5: MSTP | B5: MS报告 | Q5: DEPC水 | R5: 100uM | S5: =$Q$2&R5 -> 1 x TE 100uM
A6: H+M | B6: HPLC报告+MS报告 | R6: 200uM | S6: =$Q$2&R6 -> 1 x TE 200uM
A7: H+F | B7: HPLC报告+全波长扫描报告 | R7: 500uM | S7: =$Q$2&R7 -> 1 x TE 500uM
A8: M+F | B8: MS报告+全波长扫描报告 | S8: =$Q$3&R2 -> 1 x LOW TE 10uM
A9: H+M+F | B9: HPLC报告+MS报告+全波长扫描报告 | S9: =$Q$3&R3 -> 1 x LOW TE 20uM
A10: H+M+C | B10: HPLC报告+MS报告+溶液交付浓度报告 | S10: =$Q$3&R4 -> 1 x LOW TE 50uM
A11: H+M+F+C | B11: HPLC报告+MS报告+全波长扫描报告+溶液交付浓度报告 | S11: =$Q$3&R5 -> 1 x LOW TE 100uM
S12: =$Q$3&R6 -> 1 x LOW TE 200uM
A13: 默认参数 | S13: =$Q$3&R7 -> 1 x LOW TE 500uM
A14: 订单类别：* | S14: =$Q$4&R2 -> dd H20 10uM
A15: 交付格式 | B15: 干粉 | S15: =$Q$4&R3 -> dd H20 20uM
A16: 客户固定编号 | B16: 引物名称 | C16: 引物序列(5'to3') | D16: 纯化方式 | E16: 5'修饰 | F16: 3'修饰 | G16: 分装管数 | H16: 每管的OD值 | I16: 每管nmoles | J16: 标签类型 | K16: 离心管类型 | L16: 溶解浓度（uM) | M16: 检验报告类型 | N16: 备注 | O16: 碱基数 | S16: =$Q$4&R4 -> dd H20 50uM
D17: DSL | J17: BLG透明标签 | K17: 1.5ml离心管 | O17: 0 | S17: =$Q$4&R5 -> dd H20 100uM
D18: UPAGE | J18: BLG透明标签 | K18: 1.5ml离心管 | O18: 0 | S18: =$Q$4&R6 -> dd H20 200uM
D19: PAGE | J19: BLG透明标签 | K19: 1.5ml离心管 | O19: 0 | S19: =$Q$4&R7 -> dd H20 500uM
D20: HPLC | J20: BLG透明标签 | K20: 1.5ml离心管 | M20: H+M | O20: 0 | S20: =$Q$5&R2 -> DEPC水 10uM
S21: =$Q$5&R3 -> DEPC水 20uM
S22: =$Q$5&R4 -> DEPC水 50uM
A23: 常规引物 OD下单填写说明 | S23: =$Q$5&R5 -> DEPC水 100uM
A24: 订单类别：* | B24: PCR | S24: =$Q$5&R6 -> DEPC水 200uM
A25: 交付形式 | B25: 干粉 | S25: =$Q$5&R7 -> DEPC水 500uM
A26: 客户固定编号 | B26: 引物名称 | C26: 引物序列(5'to3') | D26: 纯化方式 | E26: 5'修饰 | F26: 3'修饰 | G26: 分装管数 | H26: 每管的OD值 | I26: 每管nmoles | J26: 标签类型 | K26: 离心管类型 | L26: 溶解浓度（uM) | M26: 检验报告类型 | N26: 备注 | O26: 碱基数
B27: F1 | C27: ATGCATGCATGCATGCATGCATGC | D27: DSL | G27: 5 | H27: 2 | J27: BLG透明标签 | K27: 1.5ml离心管 | O27: 24
B28: F2 | C28: ATGCATGCATGCATGCATGCATGC | D28: UPAGE | G28: 5 | H28: 2 | J28: BLG透明标签 | K28: 1.5ml离心管 | O28: 24
B29: F3 | C29: ATGCATGCATGCATGCATGCATGC | D29: PAGE | G29: 5 | H29: 2 | J29: BLG透明标签 | K29: 1.5ml离心管 | O29: 24
B30: F4 | C30: ATGCATGCATGCATGCATGCATGC | D30: HPLC | G30: 5 | H30: 2 | J30: BLG透明标签 | K30: 1.5ml离心管 | M30: H+M | O30: 24
A33: 常规引物 nmol下单填写说明
A34: 订单类别：* | B34: PCR
A35: 交付形式 | B35: 干粉
A36: 客户固定编号 | B36: 引物名称 | C36: 引物序列(5'to3') | D36: 纯化方式 | E36: 5'修饰 | F36: 3'修饰 | G36: 分装管数 | H36: 每管的OD值 | I36: 每管nmoles | J36: 标签类型 | K36: 离心管类型 | L36: 溶解浓度（uM) | M36: 检验报告类型 | N36: 备注 | O36: 碱基数
B37: P1 | C37: ATGCATGCATGCATGCATGCATGC | D37: PAGE | G37: 1 | I37: 5 | J37: BLG透明标签 | K37: 1.5ml离心管 | M37: MSTP | O37: 24
B38: P2 | C38: ATGCATGCATGCATGCATGCATGC | D38: PAGE | G38: 1 | I38: 5 | J38: BLG透明标签 | K38: 1.5ml离心管 | M38: MSTP | O38: 24
B39: P3 | C39: ATGCATGCATGCATGCATGCATGC | D39: PAGE | G39: 1 | I39: 5 | J39: BLG透明标签 | K39: 1.5ml离心管 | M39: MSTP | O39: 24
B40: P4 | C40: ATGCATGCATGCATGCATGCATGC | D40: PAGE | G40: 1 | I40: 5 | J40: BLG透明标签 | K40: 1.5ml离心管 | M40: MSTP | O40: 24
A43: 修饰填写说明
A44: 订单类别：* | B44: PCR
A45: 交付形式 | B45: 干粉
A46: 客户固定编号 | B46: 引物名称 | C46: 引物序列(5'to3') | D46: 纯化方式 | E46: 5'修饰 | F46: 3'修饰 | G46: 分装管数 | H46: 每管的OD值 | I46: 每管nmoles | J46: 标签类型 | K46: 离心管类型 | L46: 溶解浓度（uM) | M46: 检验报告类型 | N46: 备注 | O46: 碱基数
B47: F1 | C47: ATGCATGCATGCYTGCATGCATGC | D47: PAGE | G47: 2 | H47: 300 | J47: BLG透明标签 | K47: 50ml离心管 | M47: MSTP | O47: 24
B48: R1 | C48: ATGCATGCYTGCATGCKTGCATGC | D48: PAGE | G48: 2 | H48: 300 | J48: BLG透明标签 | K48: 50ml离心管 | M48: MSTP | O48: 24
B49: P1 | C49: ATGCATGCATGCATGCATGCATGC | D49: HPLC | E49: 5'6-FAM | F49: 3'Super Quencher 1 | G49: 2 | H49: 250 | J49: BLG白色标签 | K49: 50ml离心管 | M49: H+M | O49: 24
B50: P2 | C50: ATGCATGCATGCATGCATGCATGC | D50: HPLC | E50: 5'BECU_BF650 | F50: 3'Super Quencher 2 | G50: 2 | H50: 300 | J50: BLG白色标签 | K50: 50ml离心管 | M50: H+M | O50: 24
B51: P3 | C51: ATGCATGCATGCATGCATGCATGC | D51: PAGE | E51: 5'Biotin | G51: 2 | H51: 250 | J51: BLG白色标签 | K51: 50ml离心管 | M51: H+M | O51: 24
A54: 特殊碱基和中间修饰填写
A55: 订单类别：* | B55: 其他
A56: 交付形式 | B56: 干粉
A57: 客户固定编号 | B57: 引物名称 | C57: 引物序列(5'to3') | D57: 纯化方式 | E57: 5'修饰 | F57: 3'修饰 | G57: 分装管数 | H57: 每管的OD值 | I57: 每管nmoles | J57: 标签类型 | K57: 离心管类型 | L57: 溶解浓度（uM) | M57: 检验报告类型 | N57: 备注 | O57: 碱基数
B58: F1 | C58: ATGCATGCATGCATG+CATGC+ATGC | D58: PAGE | G58: 2 | H58: 10 | J58: BLG透明标签 | K58: 5ml离心管 | M58: H+M | O58: 24
B59: R1 | C59: ATGCATGCUTGCATICATGCrATrGC | D59: PAGE | G59: 2 | H59: 10 | J59: BLG透明标签 | K59: 5ml离心管 | M59: H+M | O59: 24
B60: P1 | C60: ATGCA/iROXdT/GCAT/idSp/GCATGCAT/iBHQ1dT/GCATGC | D60: HPLC | G60: 2 | H60: 10 | J60: BLG白色标签 | K60: 5ml离心管 | M60: H+M | O60: 26
B61: P2 | C61: ATGCATGCATGCATGCATGCAT*G*C | D61: PAGE | E61: 5'Phosphate | G61: 2 | H61: 10 | J61: BLG透明标签 | K61: 5ml离心管 | M61: H+M | O61: 24
